{"cameraMode":{"drawMode":0,"name":"Shaded","section":"Shading Mode"},"sceneLighting":false,"audioPlay":false,"sceneViewState":{"m_AlwaysRefresh":false,"showFog":true,"showSkybox":false,"showFlares":true,"showImageEffects":true,"showParticleSystems":true,"showVisualEffectGraphs":true,"m_FxEnabled":true},"in2DMode":false,"pivot":{"x":3.737931728363037,"y":-0.7154626250267029,"z":10.98132038116455},"rotation":{"x":0.12183070182800293,"y":0.11733032763004303,"z":-0.014504995197057724,"w":0.9854879379272461},"size":6.905324935913086,"orthographic":false}